{
  "prepare_queue": {
    "installed": [],
    "uninstalled": []
  },
  "config_munge": {
    "files": {
      "res/xml/config.xml": {
        "parents": {
          "/*": [
            {
              "xml": "<feature name=\"Camera\"><param name=\"android-package\" value=\"org.apache.cordova.camera.CameraLauncher\" /></feature>",
              "count": 1
            },
            {
              "xml": "<feature name=\"DatePickerPlugin\"><param name=\"android-package\" value=\"com.plugin.datepicker.DatePickerPlugin\" /></feature>",
              "count": 1
            },
            {
              "xml": "<feature name=\"Device\"><param name=\"android-package\" value=\"org.apache.cordova.device.Device\" /></feature>",
              "count": 1
            },
            {
              "xml": "<feature name=\"FacebookConnectPlugin\"><param name=\"android-package\" value=\"org.apache.cordova.facebook.ConnectPlugin\" /><param name=\"onload\" value=\"true\" /></feature>",
              "count": 1
            },
            {
              "xml": "<access origin=\"https://m.facebook.com\" />",
              "count": 1
            },
            {
              "xml": "<access origin=\"https://graph.facebook.com\" />",
              "count": 1
            },
            {
              "xml": "<access origin=\"https://api.facebook.com\" />",
              "count": 1
            },
            {
              "xml": "<access origin=\"https://*.fbcdn.net\" />",
              "count": 1
            },
            {
              "xml": "<access origin=\"https://*.akamaihd.net\" />",
              "count": 1
            },
            {
              "xml": "<preference name=\"android-minSdkVersion\" value=\"15\" />",
              "count": 1
            },
            {
              "xml": "<feature name=\"FCMPlugin\"><param name=\"android-package\" value=\"com.gae.scaffolder.plugin.FCMPlugin\" /><param name=\"onload\" value=\"true\" /></feature>",
              "count": 1
            },
            {
              "xml": "<feature name=\"File\"><param name=\"android-package\" value=\"org.apache.cordova.file.FileUtils\" /><param name=\"onload\" value=\"true\" /></feature>",
              "count": 1
            },
            {
              "xml": "<allow-navigation href=\"cdvfile:*\" />",
              "count": 1
            },
            {
              "xml": "<feature name=\"FileTransfer\"><param name=\"android-package\" value=\"org.apache.cordova.filetransfer.FileTransfer\" /></feature>",
              "count": 1
            },
            {
              "xml": "<feature name=\"FilePath\"><param name=\"android-package\" value=\"com.hiddentao.cordova.filepath.FilePath\" /><param name=\"onload\" value=\"true\" /></feature>",
              "count": 1
            },
            {
              "xml": "<feature name=\"Geolocation\"><param name=\"android-package\" value=\"org.apache.cordova.geolocation.Geolocation\" /></feature>",
              "count": 1
            },
            {
              "xml": "<feature name=\"CordovaGoogleMaps\"><param name=\"android-package\" value=\"plugin.google.maps.CordovaGoogleMaps\" /><param name=\"onload\" value=\"true\" /><param name=\"onreset\" value=\"true\" /></feature>",
              "count": 1
            },
            {
              "xml": "<feature name=\"Map\"><param name=\"android-package\" value=\"plugin.google.maps.PluginMap\" /></feature>",
              "count": 1
            },
            {
              "xml": "<feature name=\"Polyline\"><param name=\"android-package\" value=\"plugin.google.maps.PluginPolyline\" /></feature>",
              "count": 1
            },
            {
              "xml": "<feature name=\"Polygon\"><param name=\"android-package\" value=\"plugin.google.maps.PluginPolygon\" /></feature>",
              "count": 1
            },
            {
              "xml": "<feature name=\"Marker\"><param name=\"android-package\" value=\"plugin.google.maps.PluginMarker\" /></feature>",
              "count": 1
            },
            {
              "xml": "<feature name=\"Circle\"><param name=\"android-package\" value=\"plugin.google.maps.PluginCircle\" /></feature>",
              "count": 1
            },
            {
              "xml": "<feature name=\"TileOverlay\"><param name=\"android-package\" value=\"plugin.google.maps.PluginTileOverlay\" /></feature>",
              "count": 1
            },
            {
              "xml": "<feature name=\"GroundOverlay\"><param name=\"android-package\" value=\"plugin.google.maps.PluginGroundOverlay\" /></feature>",
              "count": 1
            },
            {
              "xml": "<feature name=\"KmlOverlay\"><param name=\"android-package\" value=\"plugin.google.maps.PluginKmlOverlay\" /></feature>",
              "count": 1
            },
            {
              "xml": "<feature name=\"Geocoder\"><param name=\"android-package\" value=\"plugin.google.maps.PluginGeocoder\" /></feature>",
              "count": 1
            },
            {
              "xml": "<feature name=\"LocationService\"><param name=\"android-package\" value=\"plugin.google.maps.PluginLocationService\" /></feature>",
              "count": 1
            },
            {
              "xml": "<feature name=\"Environment\"><param name=\"android-package\" value=\"plugin.google.maps.Environment\" /></feature>",
              "count": 1
            },
            {
              "xml": "<feature name=\"MarkerCluster\"><param name=\"android-package\" value=\"plugin.google.maps.PluginMarkerCluster\" /></feature>",
              "count": 1
            },
            {
              "xml": "<feature name=\"GooglePlus\"><param name=\"android-package\" value=\"nl.xservices.plugins.GooglePlus\" /><param name=\"onload\" value=\"true\" /></feature>",
              "count": 1
            },
            {
              "xml": "<access origin=\"https://accounts.google.com/*\" />",
              "count": 1
            },
            {
              "xml": "<feature name=\"ImagePicker\"><param name=\"android-package\" value=\"com.synconset.ImagePicker\" /></feature>",
              "count": 1
            }
          ]
        }
      },
      "AndroidManifest.xml": {
        "parents": {
          "/*": [
            {
              "xml": "<uses-permission android:name=\"android.permission.WRITE_EXTERNAL_STORAGE\" />",
              "count": 4
            },
            {
              "xml": "<uses-permission android:name=\"android.permission.READ_EXTERNAL_STORAGE\" />",
              "count": 1
            },
            {
              "xml": "<uses-permission android:name=\"android.permission.ACCESS_COARSE_LOCATION\" />",
              "count": 1
            },
            {
              "xml": "<uses-permission android:name=\"android.permission.ACCESS_FINE_LOCATION\" />",
              "count": 1
            },
            {
              "xml": "<uses-feature android:name=\"android.hardware.location.gps\" />",
              "count": 1
            }
          ],
          "application": [
            {
              "xml": "<provider android:authorities=\"${applicationId}.provider\" android:exported=\"false\" android:grantUriPermissions=\"true\" android:name=\"android.support.v4.content.FileProvider\"><meta-data android:name=\"android.support.FILE_PROVIDER_PATHS\" android:resource=\"@xml/provider_paths\" /></provider>",
              "count": 1
            },
            {
              "xml": "<meta-data android:name=\"com.facebook.sdk.ApplicationId\" android:value=\"@string/fb_app_id\" />",
              "count": 1
            },
            {
              "xml": "<meta-data android:name=\"com.facebook.sdk.ApplicationName\" android:value=\"@string/fb_app_name\" />",
              "count": 1
            },
            {
              "xml": "<activity android:configChanges=\"keyboard|keyboardHidden|screenLayout|screenSize|orientation\" android:label=\"@string/fb_app_name\" android:name=\"com.facebook.FacebookActivity\" />",
              "count": 1
            }
          ],
          "/manifest/application": [
            {
              "xml": "<activity android:exported=\"true\" android:launchMode=\"singleTop\" android:name=\"com.gae.scaffolder.plugin.FCMPluginActivity\"><intent-filter><action android:name=\"FCM_PLUGIN_ACTIVITY\" /><category android:name=\"android.intent.category.DEFAULT\" /></intent-filter></activity>",
              "count": 1
            },
            {
              "xml": "<service android:name=\"com.gae.scaffolder.plugin.MyFirebaseMessagingService\"><intent-filter><action android:name=\"com.google.firebase.MESSAGING_EVENT\" /></intent-filter></service>",
              "count": 1
            },
            {
              "xml": "<service android:name=\"com.gae.scaffolder.plugin.MyFirebaseInstanceIDService\"><intent-filter><action android:name=\"com.google.firebase.INSTANCE_ID_EVENT\" /></intent-filter></service>",
              "count": 1
            },
            {
              "xml": "<meta-data android:name=\"com.google.android.geo.API_KEY\" android:value=\"AIzaSyD5oKjXY9B9Kwch941wSWD7jRRF4r78TRw\" />",
              "count": 1
            },
            {
              "xml": "<meta-data android:name=\"com.google.android.gms.version\" android:value=\"@integer/google_play_services_version\" />",
              "count": 1
            },
            {
              "xml": "<activity android:label=\"@string/multi_app_name\" android:name=\"com.synconset.MultiImageChooserActivity\" android:theme=\"@android:style/Theme.Holo.Light\"></activity>",
              "count": 1
            }
          ],
          "/manifest": [
            {
              "xml": "<uses-permission android:name=\"android.permission.INTERNET\" />",
              "count": 1
            },
            {
              "xml": "<uses-permission android:name=\"android.permission.ACCESS_NETWORK_STATE\" />",
              "count": 1
            },
            {
              "xml": "<uses-permission android:name=\"android.permission.ACCESS_COARSE_LOCATION\" />",
              "count": 1
            },
            {
              "xml": "<uses-permission android:name=\"android.permission.ACCESS_FINE_LOCATION\" />",
              "count": 1
            },
            {
              "xml": "<uses-feature android:glEsVersion=\"0x00020000\" android:required=\"true\" />",
              "count": 1
            },
            {
              "xml": "<uses-feature android:name=\"android.hardware.location\" />",
              "count": 1
            },
            {
              "xml": "<uses-feature android:name=\"android.hardware.location.gps\" />",
              "count": 1
            },
            {
              "xml": "<uses-permission android:name=\"android.permission.GET_ACCOUNTS\" />",
              "count": 1
            },
            {
              "xml": "<uses-permission android:name=\"android.permission.USE_CREDENTIALS\" />",
              "count": 1
            },
            {
              "xml": "<uses-permission android:name=\"android.permission.WRITE_EXTERNAL_STORAGE\" />",
              "count": 1
            }
          ]
        }
      },
      "res/values/facebookconnect.xml": {
        "parents": {
          "/*": [
            {
              "xml": "<string name=\"fb_app_id\">2011709962416252</string>",
              "count": 1
            },
            {
              "xml": "<string name=\"fb_app_name\">MobileStyler</string>",
              "count": 1
            }
          ]
        }
      },
      "config.xml": {
        "parents": {
          "/*": [
            {
              "xml": "<preference name=\"xwalkZOrderOnTop\" value=\"true\" />",
              "count": 1
            },
            {
              "xml": "<preference name=\"BackgroundColor\" value=\"0\" />",
              "count": 1
            },
            {
              "xml": "<preference name=\"android-minSdkVersion\" value=\"19\" />",
              "count": 1
            }
          ]
        }
      }
    }
  },
  "installed_plugins": {
    "com.googlemaps.ios": {
      "PACKAGE_NAME": "com.mobilestylerllc.customer"
    },
    "cordova-plugin-add-swift-support": {
      "PACKAGE_NAME": "com.mobilestylerllc.customer"
    },
    "cordova-plugin-camera": {
      "PACKAGE_NAME": "com.mobilestylerllc.customer"
    },
    "cordova-plugin-datepicker": {
      "PACKAGE_NAME": "com.mobilestylerllc.customer"
    },
    "cordova-plugin-device": {
      "PACKAGE_NAME": "com.mobilestylerllc.customer"
    },
    "cordova-plugin-facebook4": {
      "APP_ID": "2011709962416252",
      "APP_NAME": "MobileStyler",
      "PACKAGE_NAME": "com.mobilestylerllc.customer"
    },
    "cordova-plugin-fcm": {
      "PACKAGE_NAME": "com.mobilestylerllc.customer"
    },
    "cordova-plugin-file": {
      "PACKAGE_NAME": "com.mobilestylerllc.customer"
    },
    "cordova-plugin-file-transfer": {
      "PACKAGE_NAME": "com.mobilestylerllc.customer"
    },
    "cordova-plugin-filepath": {
      "PACKAGE_NAME": "com.mobilestylerllc.customer"
    },
    "cordova-plugin-geolocation": {
      "PACKAGE_NAME": "com.mobilestylerllc.customer"
    },
    "cordova-plugin-googlemaps": {
      "API_KEY_FOR_ANDROID": "AIzaSyD5oKjXY9B9Kwch941wSWD7jRRF4r78TRw",
      "PLAY_SERVICES_VERSION": "9.0.0",
      "ANDROID_SUPPORT_V4_VERSION": "24.1.0",
      "PACKAGE_NAME": "com.mobilestylerllc.customer"
    },
    "cordova-plugin-googleplus": {
      "PACKAGE_NAME": "com.mobilestylerllc.customer"
    },
    "cordova-plugin-image-picker": {
      "PACKAGE_NAME": "com.mobilestylerllc.customer"
    }
  },
  "dependent_plugins": {},
  "modules": [
    {
      "id": "cordova-plugin-camera.Camera",
      "file": "plugins/cordova-plugin-camera/www/CameraConstants.js",
      "pluginId": "cordova-plugin-camera",
      "clobbers": [
        "Camera"
      ]
    },
    {
      "id": "cordova-plugin-camera.CameraPopoverOptions",
      "file": "plugins/cordova-plugin-camera/www/CameraPopoverOptions.js",
      "pluginId": "cordova-plugin-camera",
      "clobbers": [
        "CameraPopoverOptions"
      ]
    },
    {
      "id": "cordova-plugin-camera.camera",
      "file": "plugins/cordova-plugin-camera/www/Camera.js",
      "pluginId": "cordova-plugin-camera",
      "clobbers": [
        "navigator.camera"
      ]
    },
    {
      "id": "cordova-plugin-camera.CameraPopoverHandle",
      "file": "plugins/cordova-plugin-camera/www/CameraPopoverHandle.js",
      "pluginId": "cordova-plugin-camera",
      "clobbers": [
        "CameraPopoverHandle"
      ]
    },
    {
      "id": "cordova-plugin-datepicker.DatePicker",
      "file": "plugins/cordova-plugin-datepicker/www/android/DatePicker.js",
      "pluginId": "cordova-plugin-datepicker",
      "clobbers": [
        "datePicker"
      ]
    },
    {
      "id": "cordova-plugin-device.device",
      "file": "plugins/cordova-plugin-device/www/device.js",
      "pluginId": "cordova-plugin-device",
      "clobbers": [
        "device"
      ]
    },
    {
      "id": "cordova-plugin-facebook4.FacebookConnectPlugin",
      "file": "plugins/cordova-plugin-facebook4/www/facebook-native.js",
      "pluginId": "cordova-plugin-facebook4",
      "clobbers": [
        "facebookConnectPlugin"
      ]
    },
    {
      "id": "cordova-plugin-fcm.FCMPlugin",
      "file": "plugins/cordova-plugin-fcm/www/FCMPlugin.js",
      "pluginId": "cordova-plugin-fcm",
      "clobbers": [
        "FCMPlugin"
      ]
    },
    {
      "id": "cordova-plugin-file.DirectoryEntry",
      "file": "plugins/cordova-plugin-file/www/DirectoryEntry.js",
      "pluginId": "cordova-plugin-file",
      "clobbers": [
        "window.DirectoryEntry"
      ]
    },
    {
      "id": "cordova-plugin-file.DirectoryReader",
      "file": "plugins/cordova-plugin-file/www/DirectoryReader.js",
      "pluginId": "cordova-plugin-file",
      "clobbers": [
        "window.DirectoryReader"
      ]
    },
    {
      "id": "cordova-plugin-file.Entry",
      "file": "plugins/cordova-plugin-file/www/Entry.js",
      "pluginId": "cordova-plugin-file",
      "clobbers": [
        "window.Entry"
      ]
    },
    {
      "id": "cordova-plugin-file.File",
      "file": "plugins/cordova-plugin-file/www/File.js",
      "pluginId": "cordova-plugin-file",
      "clobbers": [
        "window.File"
      ]
    },
    {
      "id": "cordova-plugin-file.FileEntry",
      "file": "plugins/cordova-plugin-file/www/FileEntry.js",
      "pluginId": "cordova-plugin-file",
      "clobbers": [
        "window.FileEntry"
      ]
    },
    {
      "id": "cordova-plugin-file.FileError",
      "file": "plugins/cordova-plugin-file/www/FileError.js",
      "pluginId": "cordova-plugin-file",
      "clobbers": [
        "window.FileError"
      ]
    },
    {
      "id": "cordova-plugin-file.FileReader",
      "file": "plugins/cordova-plugin-file/www/FileReader.js",
      "pluginId": "cordova-plugin-file",
      "clobbers": [
        "window.FileReader"
      ]
    },
    {
      "id": "cordova-plugin-file.FileSystem",
      "file": "plugins/cordova-plugin-file/www/FileSystem.js",
      "pluginId": "cordova-plugin-file",
      "clobbers": [
        "window.FileSystem"
      ]
    },
    {
      "id": "cordova-plugin-file.FileUploadOptions",
      "file": "plugins/cordova-plugin-file/www/FileUploadOptions.js",
      "pluginId": "cordova-plugin-file",
      "clobbers": [
        "window.FileUploadOptions"
      ]
    },
    {
      "id": "cordova-plugin-file.FileUploadResult",
      "file": "plugins/cordova-plugin-file/www/FileUploadResult.js",
      "pluginId": "cordova-plugin-file",
      "clobbers": [
        "window.FileUploadResult"
      ]
    },
    {
      "id": "cordova-plugin-file.FileWriter",
      "file": "plugins/cordova-plugin-file/www/FileWriter.js",
      "pluginId": "cordova-plugin-file",
      "clobbers": [
        "window.FileWriter"
      ]
    },
    {
      "id": "cordova-plugin-file.Flags",
      "file": "plugins/cordova-plugin-file/www/Flags.js",
      "pluginId": "cordova-plugin-file",
      "clobbers": [
        "window.Flags"
      ]
    },
    {
      "id": "cordova-plugin-file.LocalFileSystem",
      "file": "plugins/cordova-plugin-file/www/LocalFileSystem.js",
      "pluginId": "cordova-plugin-file",
      "clobbers": [
        "window.LocalFileSystem"
      ],
      "merges": [
        "window"
      ]
    },
    {
      "id": "cordova-plugin-file.Metadata",
      "file": "plugins/cordova-plugin-file/www/Metadata.js",
      "pluginId": "cordova-plugin-file",
      "clobbers": [
        "window.Metadata"
      ]
    },
    {
      "id": "cordova-plugin-file.ProgressEvent",
      "file": "plugins/cordova-plugin-file/www/ProgressEvent.js",
      "pluginId": "cordova-plugin-file",
      "clobbers": [
        "window.ProgressEvent"
      ]
    },
    {
      "id": "cordova-plugin-file.fileSystems",
      "file": "plugins/cordova-plugin-file/www/fileSystems.js",
      "pluginId": "cordova-plugin-file"
    },
    {
      "id": "cordova-plugin-file.requestFileSystem",
      "file": "plugins/cordova-plugin-file/www/requestFileSystem.js",
      "pluginId": "cordova-plugin-file",
      "clobbers": [
        "window.requestFileSystem"
      ]
    },
    {
      "id": "cordova-plugin-file.resolveLocalFileSystemURI",
      "file": "plugins/cordova-plugin-file/www/resolveLocalFileSystemURI.js",
      "pluginId": "cordova-plugin-file",
      "merges": [
        "window"
      ]
    },
    {
      "id": "cordova-plugin-file.isChrome",
      "file": "plugins/cordova-plugin-file/www/browser/isChrome.js",
      "pluginId": "cordova-plugin-file",
      "runs": true
    },
    {
      "id": "cordova-plugin-file.androidFileSystem",
      "file": "plugins/cordova-plugin-file/www/android/FileSystem.js",
      "pluginId": "cordova-plugin-file",
      "merges": [
        "FileSystem"
      ]
    },
    {
      "id": "cordova-plugin-file.fileSystems-roots",
      "file": "plugins/cordova-plugin-file/www/fileSystems-roots.js",
      "pluginId": "cordova-plugin-file",
      "runs": true
    },
    {
      "id": "cordova-plugin-file.fileSystemPaths",
      "file": "plugins/cordova-plugin-file/www/fileSystemPaths.js",
      "pluginId": "cordova-plugin-file",
      "merges": [
        "cordova"
      ],
      "runs": true
    },
    {
      "id": "cordova-plugin-file-transfer.FileTransferError",
      "file": "plugins/cordova-plugin-file-transfer/www/FileTransferError.js",
      "pluginId": "cordova-plugin-file-transfer",
      "clobbers": [
        "window.FileTransferError"
      ]
    },
    {
      "id": "cordova-plugin-file-transfer.FileTransfer",
      "file": "plugins/cordova-plugin-file-transfer/www/FileTransfer.js",
      "pluginId": "cordova-plugin-file-transfer",
      "clobbers": [
        "window.FileTransfer"
      ]
    },
    {
      "id": "cordova-plugin-filepath.FilePath",
      "file": "plugins/cordova-plugin-filepath/www/FilePath.js",
      "pluginId": "cordova-plugin-filepath",
      "clobbers": [
        "window.FilePath"
      ]
    },
    {
      "id": "cordova-plugin-geolocation.geolocation",
      "file": "plugins/cordova-plugin-geolocation/www/android/geolocation.js",
      "pluginId": "cordova-plugin-geolocation",
      "clobbers": [
        "navigator.geolocation"
      ]
    },
    {
      "id": "cordova-plugin-geolocation.PositionError",
      "file": "plugins/cordova-plugin-geolocation/www/PositionError.js",
      "pluginId": "cordova-plugin-geolocation",
      "runs": true
    },
    {
      "id": "cordova-plugin-googlemaps.BaseClass",
      "file": "plugins/cordova-plugin-googlemaps/www/BaseClass.js",
      "pluginId": "cordova-plugin-googlemaps",
      "runs": true
    },
    {
      "id": "cordova-plugin-googlemaps.BaseArrayClass",
      "file": "plugins/cordova-plugin-googlemaps/www/BaseArrayClass.js",
      "pluginId": "cordova-plugin-googlemaps",
      "runs": true
    },
    {
      "id": "cordova-plugin-googlemaps.LatLng",
      "file": "plugins/cordova-plugin-googlemaps/www/LatLng.js",
      "pluginId": "cordova-plugin-googlemaps",
      "runs": true
    },
    {
      "id": "cordova-plugin-googlemaps.LatLngBounds",
      "file": "plugins/cordova-plugin-googlemaps/www/LatLngBounds.js",
      "pluginId": "cordova-plugin-googlemaps",
      "runs": true
    },
    {
      "id": "cordova-plugin-googlemaps.VisibleRegion",
      "file": "plugins/cordova-plugin-googlemaps/www/VisibleRegion.js",
      "pluginId": "cordova-plugin-googlemaps",
      "runs": true
    },
    {
      "id": "cordova-plugin-googlemaps.Location",
      "file": "plugins/cordova-plugin-googlemaps/www/Location.js",
      "pluginId": "cordova-plugin-googlemaps",
      "runs": true
    },
    {
      "id": "cordova-plugin-googlemaps.CameraPosition",
      "file": "plugins/cordova-plugin-googlemaps/www/CameraPosition.js",
      "pluginId": "cordova-plugin-googlemaps",
      "runs": true
    },
    {
      "id": "cordova-plugin-googlemaps.Polyline",
      "file": "plugins/cordova-plugin-googlemaps/www/Polyline.js",
      "pluginId": "cordova-plugin-googlemaps",
      "runs": true
    },
    {
      "id": "cordova-plugin-googlemaps.Polygon",
      "file": "plugins/cordova-plugin-googlemaps/www/Polygon.js",
      "pluginId": "cordova-plugin-googlemaps",
      "runs": true
    },
    {
      "id": "cordova-plugin-googlemaps.Marker",
      "file": "plugins/cordova-plugin-googlemaps/www/Marker.js",
      "pluginId": "cordova-plugin-googlemaps",
      "runs": true
    },
    {
      "id": "cordova-plugin-googlemaps.HtmlInfoWindow",
      "file": "plugins/cordova-plugin-googlemaps/www/HtmlInfoWindow.js",
      "pluginId": "cordova-plugin-googlemaps",
      "runs": true
    },
    {
      "id": "cordova-plugin-googlemaps.Circle",
      "file": "plugins/cordova-plugin-googlemaps/www/Circle.js",
      "pluginId": "cordova-plugin-googlemaps",
      "runs": true
    },
    {
      "id": "cordova-plugin-googlemaps.TileOverlay",
      "file": "plugins/cordova-plugin-googlemaps/www/TileOverlay.js",
      "pluginId": "cordova-plugin-googlemaps",
      "runs": true
    },
    {
      "id": "cordova-plugin-googlemaps.GroundOverlay",
      "file": "plugins/cordova-plugin-googlemaps/www/GroundOverlay.js",
      "pluginId": "cordova-plugin-googlemaps",
      "runs": true
    },
    {
      "id": "cordova-plugin-googlemaps.Common",
      "file": "plugins/cordova-plugin-googlemaps/www/Common.js",
      "pluginId": "cordova-plugin-googlemaps",
      "runs": true
    },
    {
      "id": "cordova-plugin-googlemaps.encoding",
      "file": "plugins/cordova-plugin-googlemaps/www/encoding.js",
      "pluginId": "cordova-plugin-googlemaps",
      "runs": true
    },
    {
      "id": "cordova-plugin-googlemaps.spherical",
      "file": "plugins/cordova-plugin-googlemaps/www/spherical.js",
      "pluginId": "cordova-plugin-googlemaps",
      "runs": true
    },
    {
      "id": "cordova-plugin-googlemaps.poly",
      "file": "plugins/cordova-plugin-googlemaps/www/poly.js",
      "pluginId": "cordova-plugin-googlemaps",
      "runs": true
    },
    {
      "id": "cordova-plugin-googlemaps.Geocoder",
      "file": "plugins/cordova-plugin-googlemaps/www/Geocoder.js",
      "pluginId": "cordova-plugin-googlemaps",
      "runs": true
    },
    {
      "id": "cordova-plugin-googlemaps.LocationService",
      "file": "plugins/cordova-plugin-googlemaps/www/LocationService.js",
      "pluginId": "cordova-plugin-googlemaps",
      "runs": true
    },
    {
      "id": "cordova-plugin-googlemaps.Map",
      "file": "plugins/cordova-plugin-googlemaps/www/Map.js",
      "pluginId": "cordova-plugin-googlemaps",
      "runs": true
    },
    {
      "id": "cordova-plugin-googlemaps.event",
      "file": "plugins/cordova-plugin-googlemaps/www/event.js",
      "pluginId": "cordova-plugin-googlemaps",
      "runs": true
    },
    {
      "id": "cordova-plugin-googlemaps.MapTypeId",
      "file": "plugins/cordova-plugin-googlemaps/www/MapTypeId.js",
      "pluginId": "cordova-plugin-googlemaps",
      "runs": true
    },
    {
      "id": "cordova-plugin-googlemaps.KmlOverlay",
      "file": "plugins/cordova-plugin-googlemaps/www/KmlOverlay.js",
      "pluginId": "cordova-plugin-googlemaps",
      "runs": true
    },
    {
      "id": "cordova-plugin-googlemaps.KmlLoader",
      "file": "plugins/cordova-plugin-googlemaps/www/KmlLoader.js",
      "pluginId": "cordova-plugin-googlemaps",
      "runs": true
    },
    {
      "id": "cordova-plugin-googlemaps.Environment",
      "file": "plugins/cordova-plugin-googlemaps/www/Environment.js",
      "pluginId": "cordova-plugin-googlemaps",
      "runs": true
    },
    {
      "id": "cordova-plugin-googlemaps.MarkerCluster",
      "file": "plugins/cordova-plugin-googlemaps/www/MarkerCluster.js",
      "pluginId": "cordova-plugin-googlemaps",
      "runs": true
    },
    {
      "id": "cordova-plugin-googlemaps.Cluster",
      "file": "plugins/cordova-plugin-googlemaps/www/Cluster.js",
      "pluginId": "cordova-plugin-googlemaps",
      "runs": true
    },
    {
      "id": "cordova-plugin-googlemaps.geomodel",
      "file": "plugins/cordova-plugin-googlemaps/www/geomodel.js",
      "pluginId": "cordova-plugin-googlemaps",
      "runs": true
    },
    {
      "id": "cordova-plugin-googlemaps.CordovaGoogleMaps",
      "file": "plugins/cordova-plugin-googlemaps/www/googlemaps-cdv-plugin.js",
      "pluginId": "cordova-plugin-googlemaps",
      "clobbers": [
        "plugin.google.maps"
      ]
    },
    {
      "id": "cordova-plugin-googleplus.GooglePlus",
      "file": "plugins/cordova-plugin-googleplus/www/GooglePlus.js",
      "pluginId": "cordova-plugin-googleplus",
      "clobbers": [
        "window.plugins.googleplus"
      ]
    },
    {
      "id": "cordova-plugin-image-picker.ImagePicker",
      "file": "plugins/cordova-plugin-image-picker/www/imagepicker.js",
      "pluginId": "cordova-plugin-image-picker",
      "clobbers": [
        "plugins.imagePicker"
      ]
    }
  ],
  "plugin_metadata": {
    "com.googlemaps.ios": "2.6.0",
    "cordova-plugin-add-swift-support": "1.7.1",
    "cordova-plugin-camera": "4.0.2",
    "cordova-plugin-datepicker": "0.9.3",
    "cordova-plugin-device": "1.1.7",
    "cordova-plugin-facebook4": "1.9.1",
    "cordova-plugin-fcm": "2.1.2",
    "cordova-plugin-file": "6.0.1",
    "cordova-plugin-file-transfer": "1.7.1",
    "cordova-plugin-filepath": "1.0.2",
    "cordova-plugin-geolocation": "4.0.2-dev",
    "cordova-plugin-googlemaps": "2.2.5",
    "cordova-plugin-googleplus": "5.2.1",
    "cordova-plugin-image-picker": "1.1.1"
  }
}